ID_Contact;FirtsName;LastName;PhoneNumber;Email;;;;;;;;;
1;Salvador;Mcdowell;1-682-934-0122;donec.at@icloud.edu;;;;;;;;;
2;Bertha;Ferguson;1-214-976-2468;nec@protonmail.com;;;;;;;;;
3;Kirk;Meyer;-239225-7856;convallis.erat@outlook.ca;;;;;;;;;
4;Elizabeth;Lindsey;1-515-359-6317;cursus.in.hendrerit@protonmail.ca;;;;;;;;;
5;Zenaida;Castro;1-365-533-2566;non.lacinia@protonmail.com;;;;;;;;;
6;Noelle;Mueller;1-347-127-6070;a.feugiat@hotmail.org;;;;;;;;;
7;Steven;Merritt;-226901-7382;dignissim.pharetra.nam@aol.net;;;;;;;;;
8;Caleb;Baxter;1-495-987-7433;velit.eu@hotmail.net;;;;;;;;;
9;Hayfa;Lyons;1-438-482-5011;quisque@aol.edu;;;;;;;;;
10;Xyla;Hopper;1-483-562-3868;augue@aol.net;;;;;;;;;
11;Octavius;Travis;1-583-352-6541;enim.commodo@outlook.couk;;;;;;;;;
12;Yoshio;Cooley;1-633-886-6743;ullamcorper.magna@hotmail.net;;;;;;;;;
13;Boris;Clay;1-482-679-6043;et.netus@yahoo.edu;;;;;;;;;
14;Giselle;Blankenship;-549847-1763;vitae@aol.couk;;;;;;;;;
15;Hope;Lloyd;1-363132-0274;tellus@google.ca;;;;;;;;;
16;Myra;Mcintyre;-362688-5924;ipsum@yahoo.edu;;;;;;;;;
17;Whoopi;Berger;-147798-4488;mi.lorem.vehicula@aol.couk;;;;;;;;;
18;Jorden;Holden;-333616-1433;eu.eros.nam@hotmail.couk;;;;;;;;;
19;Bruce;Waters;-235854-5843;porttitor@hotmail.org;;;;;;;;;
20;Kareem;Horne;1-831-229-3830;luctus@yahoo.edu;;;;;;;;;
21;Raphael;Cooley;-338739-3148;urna.nullam@hotmail.com;;;;;;;;;
22;Howard;Crosby;-809380-1640;odio.a@yahoo.edu;;;;;;;;;
23;Caleb;Ortiz;1-318-713-3117;lacinia.at@outlook.com;;;;;;;;;
24;Brandon;Shepherd;-903826-8737;ligula.donec@google.org;;;;;;;;;
25;Finn;Rivera;-455743-5449;ut.nisi@hotmail.couk;;;;;;;;;
26;Odysseus;Decker;-727379-5416;dui.nec.urna@google.net;;;;;;;;;
27;Wyoming;Manning;1-533-673-8538;sagittis.lobortis@icloud.edu;;;;;;;;;
28;Emily;Kennedy;-672562-6576;nulla@yahoo.org;;;;;;;;;
29;Ashton;Charles;-379677-1183;ipsum.curabitur@google.net;;;;;;;;;
30;Eliana;Bauer;-395531-7888;non.enim.mauris@yahoo.com;;;;;;;;;
31;Howard;Franklin;1-256-241-6685;non@yahoo.org;;;;;;;;;
32;Colin;Galloway;-636668-2371;risus@hotmail.edu;;;;;;;;;
33;Gregory;Harvey;1-345-803-1260;cras@protonmail.org;;;;;;;;;
34;Susan;Contreras;1-346-642-4271;nunc.sit.amet@icloud.com;;;;;;;;;
35;Madaline;Hines;-933843-2831;ut.cursus@google.ca;;;;;;;;;
36;Drake;Mills;-475236-9248;suspendisse.sagittis.nullam@aol.edu;;;;;;;;;
37;Micah;Richard;1-739-541-7657;et.euismod@aol.edu;;;;;;;;;
38;Grant;Robertson;-857771-5671;lobortis.risus.in@outlook.couk;;;;;;;;;
39;Dane;Bartlett;1-477-680-3848;pellentesque.massa@outlook.ca;;;;;;;;;
40;Price;Davis;-124250-0653;ut.semper@protonmail.couk;;;;;;;;;
41;Lars;Villarreal;-493286-3554;metus.facilisis.lorem@hotmail.com;;;;;;;;;
42;Noble;Ramos;-111618-8468;lacus.aliquam.rutrum@yahoo.org;;;;;;;;;
43;Xavier;Kirby;-578213-0704;leo.in@icloud.net;;;;;;;;;
44;Willow;Rollins;-395148-1058;orci.sem@outlook.ca;;;;;;;;;
45;Xander;Salazar;-988695-0317;sit@outlook.net;;;;;;;;;
46;Irma;Compton;1-546-373-8446;in.ornare@protonmail.net;;;;;;;;;
47;Hu;Powers;1-679-470-1982;quis.diam@google.com;;;;;;;;;
48;Keaton;Love;-284574-7104;fermentum@yahoo.edu;;;;;;;;;
49;Logan;Crane;-831727-4511;feugiat.sed@hotmail.edu;;;;;;;;;
50;Sade;Underwood;-766337-7626;quis.accumsan@outlook.com;;;;;;;;;
51;Jescie;Garcia;1-647-782-7033;lorem@hotmail.net;;;;;;;;;
52;Declan;Hayes;1-704-823-7761;ullamcorper@icloud.couk;;;;;;;;;
53;Velma;Little;-759711-7010;magnis.dis@icloud.org;;;;;;;;;
54;Carly;Burke;1-626-832-7163;neque.tellus@protonmail.couk;;;;;;;;;
55;Mariam;Mcintyre;-451594-0541;in.faucibus@protonmail.com;;;;;;;;;
56;Brittany;Adams;1-288-621-3584;odio.etiam.ligula@icloud.org;;;;;;;;;
57;Brynne;Downs;-879-879472-0834;nulla@icloud.ca;;;;;;;;;
58;Dolan;Woods;-361-361607-4483;nisl.quisque.fringilla@google.couk;;;;;;;;;
59;Jerry;Knowles;1-666-656-5560;neque.nullam@aol.edu;;;;;;;;;
60;Brittany;Palmer;1-546-857-3871;phasellus.at@hotmail.org;;;;;;;;;
61;Germane;Franklin;-409-409684-4485;molestie@aol.com;;;;;;;;;
62;Keelie;Lucas;-516-516304-9944;erat.neque@icloud.com;;;;;;;;;
63;Allegra;Rogers;-433-433206-8331;ut.nulla.cras@aol.ca;;;;;;;;;
64;Avram;Lamb;1-775-347-7614;sed.nulla@aol.edu;;;;;;;;;
65;Yuri;Boyle;-774-774390-7709;nunc@protonmail.couk;;;;;;;;;
66;Buckminster;Poole;-852-852487-8992;enim@hotmail.ca;;;;;;;;;
67;Catherine;Castro;-111-111810-4021;morbi.tristique@aol.com;;;;;;;;;
68;Ross;Ramsey;1-431-687-9448;ultricies.ligula@aol.com;;;;;;;;;
69;Petra;Pope;-787-787275-9051;urna.nunc@google.couk;;;;;;;;;
70;Francis;Roman;1-123-335-5773;nunc@aol.ca;;;;;;;;;
71;Hyatt;Sweeney;-236-236378-9615;nisl@google.com;;;;;;;;;
72;Evelyn;Jennings;-964-964731-7532;nec@yahoo.org;;;;;;;;;
73;Paki;Glenn;1-376-678-7165;phasellus.libero@google.net;;;;;;;;;
74;Lee;Greene;1-242-663-0248;nec@protonmail.net;;;;;;;;;
75;Dennis;Wooten;-296-296914-6087;ac.feugiat.non@hotmail.org;;;;;;;;;
76;Len;Burns;-367-367387-6713;accumsan.laoreet@protonmail.couk;;;;;;;;;
77;Cullen;Shaw;1-362-338-7764;etiam.gravida.molestie@hotmail.edu;;;;;;;;;
78;Angelica;Hart;1-998-786-8327;nunc@yahoo.ca;;;;;;;;;
79;Xandra;Randolph;1-342-452-4284;libero.mauris@icloud.ca;;;;;;;;;
80;Teagan;Sosa;1-408-135-3625;a@aol.com;;;;;;;;;
81;Porter;Salazar;-335-335333-6860;pharetra.quisque@yahoo.couk;;;;;;;;;
82;Sage;James;1-348-690-6150;lorem.eu@google.org;;;;;;;;;
83;Buckminster;Day;1-462-105-3816;velit.pellentesque@yahoo.couk;;;;;;;;;
84;Wade;Cote;-971-971281-6652;sed.dictum@icloud.org;;;;;;;;;
85;Herman;Munoz;1-882-347-2876;et.netus.et@google.edu;;;;;;;;;
86;Kimberley;Ochoa;-488-488108-8293;netus.et@aol.com;;;;;;;;;
87;MacKensie;Bass;-706-706888-1877;enim.gravida@icloud.ca;;;;;;;;;
88;Roary;Joseph;-641-641106-1841;risus.donec@protonmail.org;;;;;;;;;
89;Dean;Holcomb;1-346-576-9007;consequat@google.couk;;;;;;;;;
90;India;Cross;1-581-449-5053;tortor.at@yahoo.ca;;;;;;;;;
91;Isabelle;Forbes;1-815-208-6753;orci@outlook.couk;;;;;;;;;
92;Alan;Vinson;1-887-782-2088;arcu.curabitur@hotmail.edu;;;;;;;;;
93;Phelan;Solomon;1-301-757-3033;ante.nunc@icloud.edu;;;;;;;;;
94;Basil;Mueller;1-468-697-3454;faucibus@protonmail.edu;;;;;;;;;
95;Frances;Gallagher;-873-873586-1730;ligula.nullam@outlook.ca;;;;;;;;;
96;Alan;Edwards;-664-664466-5791;ullamcorper@icloud.ca;;;;;;;;;
97;Candice;Cardenas;-398-398244-5106;vulputate.nisi@aol.edu;;;;;;;;;
98;Madeline;Gross;-358-358436-1011;a.facilisis.non@google.ca;;;;;;;;;
99;Carter;Shaffer;1-549-636-4834;aliquam@yahoo.edu;;;;;;;;;
100;Irma;Blake;1-565-336-4653;dolor.fusce@google.couk;;;;;;;;;
